{"count":1,"self":597.6513536,"total":2027.3638856999999,"children":{"AgentSendState":{"count":308017,"self":101.4575744,"total":365.0916319,"children":{"CollectObservations":{"count":5775375,"self":45.7588224,"total":45.7588231,"children":null},"CollectDiscreteActionMasks":{"count":5775375,"self":20.0104576,"total":20.0104577,"children":null},"AgentInfo.ToProto":{"count":1925125,"self":18.8637136,"total":197.8647739,"children":{"GenerateSensorData":{"count":1925125,"self":67.15607039999999,"total":179.0010608,"children":{"RayPerceptionSensor.Perceive":{"count":3850250,"self":111.84499199999999,"total":111.844989,"children":null}}}}}}},"DecideAction":{"count":308017,"self":914.39953919999994,"total":1026.016334,"children":{"RayPerceptionSensor.Perceive":{"count":7700500,"self":111.6167936,"total":111.6167923,"children":null}}},"AgentAct":{"count":308017,"self":37.9187392,"total":37.9749285,"children":{"AgentInfo.ToProto":{"count":386,"self":0.0049537999999999995,"total":0.0561886,"children":{"GenerateSensorData":{"count":386,"self":0.0159427,"total":0.0512348,"children":{"RayPerceptionSensor.Perceive":{"count":772,"self":0.0352921,"total":0.0352921,"children":null}}}}}}},"AgentInfo.ToProto":{"count":3767,"self":0.0728743,"total":0.62866369999999994,"children":{"GenerateSensorData":{"count":3767,"self":0.18743559999999998,"total":0.5557894,"children":{"RayPerceptionSensor.Perceive":{"count":7534,"self":0.3683538,"total":0.3683538,"children":null}}}}}},"gauges":{"Species1.CumulativeReward":{"count":4153,"max":16.01912,"min":-2.02660441,"runningAverage":1.53627551,"value":3.273106,"weightedAverage":1.40330791},"RollerBall.CumulativeReward":{"count":3101,"max":4.02012968,"min":-1.97994387,"runningAverage":-0.778772056,"value":-1.97994387,"weightedAverage":-1.23457432}},"metadata":{"timer_format_version":"0.1.0","start_time_seconds":"1589770646","unity_version":"2018.4.22f1","command_line_arguments":"C:\\Program Files\\Unity\\Hub\\Editor\\2018.4.22f1\\Editor\\Unity.exe -projectpath C:\\Users\\teelr\\Documents\\ML Project1 -useHub -hubIPC -cloudEnvironment production -hubSessionId 3a17fc30-8cae-11ea-a3f8-7b74ebe1fdc6","communication_protocol_version":"1.0.0","com.unity.ml-agents_version":"1.0.0-preview","scene_name":"2xMap","end_time_seconds":"1589772673"}}